{
  "header": "Each tuple represents (log10_spatial_freq, log10_contrast_sensitivity). Each array of tuples represents a single participant. Printed curves were manually digitized.",
  "cataracts": [[0.01814516129032251, 1.1785714285714288], [0.15120967741935476, 1.2922077922077924], [0.36895161290322576, 1.4301948051948055], [0.6350806451612903, 1.4788961038961042], [0.877016129032258, 1.3571428571428574], [1.0100806451612903, 1.0892857142857144], [1.1310483870967742, 0.7321428571428572], [1.1794354838709677, 0.5211038961038962]],
  "mild_amblyopia": [[0.03350475299984412, 2.0064935064935066], [0.18310737104565988, 2.1502022567596337], [0.3763440860215054, 2.261975729188844], [0.6132148979273804, 2.42165211837343], [0.9622876733676171, 2.261975729188844], [1.0807230793205547, 1.918671492441984], [1.149290945924887, 1.4875452416436021], [1.1866916004363408, 1.0963380881413667], [1.2116253701106434, 0.7051309346391312], [1.2427925822035217, 0.026506280604641275]],
  "normal": [[0.022669237584032498, 2.0064935064935066], [0.1352337276564699, 2.1363636363636367], [0.3290947938923341, 2.2987012987012987], [0.5604773568190108, 2.412337662337663], [0.9231851581635312, 2.436688311688312], [1.1983428005628225, 2.1282467532467537], [1.3859502840168845, 1.6168831168831173], [1.4985147740893217, 1.1785714285714288], [1.5735577674709464, 0.6103896103896105], [1.6298400125071653, 0.04220779220779225]],
  "multiple_sclerosis": [[0.03193223, 1.57280883], [0.17790811, 1.68573938], [0.37601825, 1.77984817], [0.6210492,  1.86768304], [0.91300098, 1.88023088],[1.24666015, 1.64809587],[1.45519713, 1.27793463], [1.55946562, 0.93286906],[1.61159987, 0.66309053], [1.66373412, 0.09843779]]
}