{
    "header": "Each tuple represents (log10_spatial_freq, log10_contrast_sensitivity). Each array of tuples represents a single participant. Curves were selected from Jigo data to act as representative samples.",
    "quantile1-pid2-cue1-ecc3": [
        [
            -0.3010299956639812,
            1.6889609283512268
        ],
        [
            0.0,
            1.7484939191781494
        ],
        [
            0.3010299956639812,
            1.540870188671322
        ],
        [
            0.6020599913279624,
            0.898227877225777
        ],
        [
            0.9030899869919435,
            0.0441712063966535
        ],
        [
            1.0413926851582251,
            0.007606443596338448
        ]
    ],
    "quantile2-pid1-cue1-ecc0": [
        [
            -0.3010299956639812,
            1.8024481741545866
        ],
        [
            0.0,
            1.9645690625573193
        ],
        [
            0.3010299956639812,
            2.1341711098762484
        ],
        [
            0.6020599913279624,
            2.0493754400183652
        ],
        [
            0.9030899869919435,
            1.6285751836965674
        ],
        [
            1.0413926851582251,
            1.2416002522645158
        ]
    ],
    "quantile3-pid2-cue0-ecc2": [
        [
            -0.3010299956639812,
            1.7972009418193902
        ],
        [
            0.0,
            1.8362487145090178
        ],
        [
            0.3010299956639812,
            1.7277242915910787
        ],
        [
            0.6020599913279624,
            1.324055477458006
        ],
        [
            0.9030899869919435,
            0.33009788089466663
        ],
        [
            1.0413926851582251,
            0.0
        ]
    ],
    "quantile4-pid3-cue0-ecc1": [
        [
            -0.3010299956639812,
            1.7801036047808718
        ],
        [
            0.0,
            1.9982114596544611
        ],
        [
            0.3010299956639812,
            2.1128373874014317
        ],
        [
            0.6020599913279624,
            2.0204994608951647
        ],
        [
            0.9030899869919435,
            1.514233825882423
        ],
        [
            1.0413926851582251,
            1.041090777204282
        ]
    ],
    "quantile5-pid7-cue1-ecc3": [
        [
            -0.3010299956639812,
            1.6631786378788325
        ],
        [
            0.0,
            1.8164540685141735
        ],
        [
            0.3010299956639812,
            1.8586165362313838
        ],
        [
            0.6020599913279624,
            1.4572639613193596
        ],
        [
            0.9030899869919435,
            0.30832942025469756
        ],
        [
            1.0413926851582251,
            0.07838628660908195
        ]
    ],
    "quantile6-pid0-cue0-ecc0": [
        [
            -0.3010299956639812,
            1.6848683540415845
        ],
        [
            0.0,
            1.852797857598302
        ],
        [
            0.3010299956639812,
            1.9380944415166173
        ],
        [
            0.6020599913279624,
            1.8581251861581278
        ],
        [
            0.9030899869919435,
            1.4476242522460296
        ],
        [
            1.0413926851582251,
            1.0669430340738333
        ]
    ],
    "quantile7-pid0-cue1-ecc0": [
        [
            -0.3010299956639812,
            1.7675976712340808
        ],
        [
            0.0,
            1.9378829328562266
        ],
        [
            0.3010299956639812,
            2.023179940678125
        ],
        [
            0.6020599913279624,
            1.9431008982694575
        ],
        [
            0.9030899869919435,
            1.5026366844715786
        ],
        [
            1.0413926851582251,
            1.0717051121700736
        ]
    ],
    "quantile8-pid1-cue1-ecc3": [
        [
            -0.3010299956639812,
            1.6615627726372948
        ],
        [
            0.0,
            1.6819328172394037
        ],
        [
            0.3010299956639812,
            1.6299121116418327
        ],
        [
            0.6020599913279624,
            1.432645897360997
        ],
        [
            0.9030899869919435,
            0.9260541845302598
        ],
        [
            1.0413926851582251,
            0.5269857003021496
        ]
    ],
    "quantile9-pid5-cue1-ecc0": [
        [
            -0.3010299956639812,
            1.9617840695518025
        ],
        [
            0.0,
            2.138988235701332
        ],
        [
            0.3010299956639812,
            2.2233310908471413
        ],
        [
            0.6020599913279624,
            2.1226195614958985
        ],
        [
            0.9030899869919435,
            1.6495913009320515
        ],
        [
            1.0413926851582251,
            1.2101683354839559
        ]
    ],
    "quantile10-pid8-cue0-ecc3": [
        [
            -0.3010299956639812,
            1.5308083102005847
        ],
        [
            0.0,
            1.6272857246686774
        ],
        [
            0.3010299956639812,
            1.591293735201525
        ],
        [
            0.6020599913279624,
            1.2903629378638835
        ],
        [
            0.9030899869919435,
            0.45955452478526226
        ],
        [
            1.0413926851582251,
            0.0
        ]
    ],
    "quantile11-pid5-cue0-ecc1": [
        [
            -0.3010299956639812,
            1.8805047134891144
        ],
        [
            0.0,
            2.0945374710679645
        ],
        [
            0.3010299956639812,
            2.1911234916773084
        ],
        [
            0.6020599913279624,
            2.052816038347638
        ],
        [
            0.9030899869919435,
            1.4447216371399398
        ],
        [
            1.0413926851582251,
            0.8923333760483236
        ]
    ],
    "quantile12-pid8-cue1-ecc2": [
        [
            -0.3010299956639812,
            1.7706308367796428
        ],
        [
            0.0,
            1.8714667779642031
        ],
        [
            0.3010299956639812,
            1.8399597452676204
        ],
        [
            0.6020599913279624,
            1.5446947160619378
        ],
        [
            0.9030899869919435,
            0.7142921684449886
        ],
        [
            1.0413926851582251,
            0.02573204434478191
        ]
    ],
    "quantile13-pid4-cue0-ecc1": [
        [
            -0.3010299956639812,
            1.8426174768974448
        ],
        [
            0.0,
            2.021573975479211
        ],
        [
            0.3010299956639812,
            2.0939032214606734
        ],
        [
            0.6020599913279624,
            1.9529779622415309
        ],
        [
            0.9030899869919435,
            1.3855436926211768
        ],
        [
            1.0413926851582251,
            0.876986382081449
        ]
    ],
    "quantile14-pid7-cue0-ecc1": [
        [
            -0.3010299956639812,
            1.8840255688708678
        ],
        [
            0.0,
            2.05150875695298
        ],
        [
            0.3010299956639812,
            2.116170354400309
        ],
        [
            0.6020599913279624,
            1.975188770578072
        ],
        [
            0.9030899869919435,
            1.4229208242167026
        ],
        [
            1.0413926851582251,
            0.9301778424193039
        ]
    ],